Area,Province,Total_Credit_Balance_million_usd,Total_Credit_User_thousand
Plains,Kandal,2994.5,393.9
Plains,Phnom Penh,22865.8,694.2
Plains,Kampong Cham,1876.3,300.9
Plains,Prey Veng,1618.9,322.2
Plains,Takeo,2088.7,333.2
Plains,Svay Rieng,1258.5,217.8
Plains,Tbong Khmum,1155.4,207.8
Plains,Kampong Speu,2380.7,368.3
Plateau,Kratie,581.7,112.9
Plateau,Mondulkiri,216.9,30.0
Plateau,Preah Vihear,497.4,90.0
Plateau,Ratanakiri,461.0,70.5
Plateau,Steung Traeng,262.3,42.1
Tonle Sap,Kampong Chhnang,763.4,151.7
Tonle Sap,Banteay Meanchey,1980.2,238.5
Tonle Sap,Siem Reap,2489.6,323.5
Tonle Sap,Battambang,2045.8,297.1
Tonle Sap,Oddar Meanchey,476.3,90.0
Tonle Sap,Pursat,750.8,137.0
Tonle Sap,Kampong Thom,1323.9,251.1
Tonle Sap,Pailin,219.9,25.5
Coastal,Kampot,1312.7,204.0
Coastal,Koh Kong,309.9,38.0
Coastal,Sihanoukville,1036.0,88.5
Coastal,Kep,101.4,13.4